Index,Residue,SASA,MaxASA,RSA,Charge
1,MET,52.8,218,0.2422018349,0
2,GLN,76.1,224,0.3397321429,0
3,ILE,0,197,0,0
4,PHE,52.3,239,0.2188284519,0
5,VAL,0.2,174,0.001149425287,0
6,LYS,104.3,237,0.4400843882,1
7,THR,21.1,172,0.1226744186,0
8,LEU,136.4,201,0.6786069652,0
9,THR,125.8,172,0.7313953488,0
10,GLY,66,104,0.6346153846,0
11,LYS,95.1,237,0.4012658228,1
12,THR,64.9,172,0.3773255814,0
13,ILE,5.3,197,0.0269035533,0
14,THR,59.9,172,0.348255814,0
15,LEU,7.5,201,0.03731343284,0
16,GLU,153.8,223,0.6896860987,-1
17,VAL,4.4,174,0.02528735632,0
18,GLU,110.2,223,0.4941704036,-1
19,PRO,45.9,159,0.2886792453,0
20,SER,85.3,151,0.5649006623,0
21,ASP,38.1,193,0.1974093264,-1
22,THR,47.2,172,0.2744186047,0
23,ILE,0.2,197,0.001015228426,0
24,GLU,129.9,223,0.5825112108,-1
25,ASN,55.1,195,0.2825641026,0
26,VAL,0,174,0,0
27,LYS,13.4,237,0.05654008439,1
28,ALA,43.7,129,0.3387596899,0
29,LYS,68.5,237,0.2890295359,1
30,ILE,0.6,197,0.003045685279,0
31,GLN,82.7,224,0.3691964286,0
32,ASP,147,193,0.7616580311,-1
33,LYS,111.1,237,0.4687763713,1
34,GLU,74.6,223,0.334529148,-1
35,GLY,49.9,104,0.4798076923,0
36,ILE,30.3,197,0.1538071066,0
37,PRO,44.7,159,0.2811320755,0
38,PRO,45.3,159,0.2849056604,0
39,ASP,85.3,193,0.4419689119,-1
40,GLN,48.5,224,0.2165178571,0
41,GLN,0,224,0,0
42,ARG,95.9,274,0.35,1
43,LEU,0.2,201,0.0009950248756,0
44,ILE,26.1,197,0.1324873096,0
45,PHE,37.7,239,0.1577405858,0
46,ALA,70.8,129,0.5488372093,0
47,GLY,75.3,104,0.7240384615,0
48,LYS,100.7,237,0.4248945148,1
49,GLN,104.8,224,0.4678571429,0
50,LEU,3.5,201,0.01741293532,0
51,GLU,129.6,223,0.5811659193,-1
52,ASP,65.3,193,0.3383419689,-1
53,GLY,45.4,104,0.4365384615,0
54,ARG,123.9,274,0.452189781,1
55,THR,29.3,172,0.1703488372,0
56,LEU,0,201,0,0
57,SER,66.3,151,0.4390728477,0
58,ASP,91.3,193,0.4730569948,-1
59,TYR,41.4,263,0.1574144487,0
60,ASN,121.3,195,0.6220512821,0
61,ILE,4.6,197,0.02335025381,0
62,GLN,123.4,224,0.5508928571,0
63,LYS,131,237,0.552742616,1
64,GLU,106.3,223,0.4766816143,-1
65,SER,21.4,151,0.1417218543,0
66,THR,56.9,172,0.3308139535,0
67,LEU,0,201,0,0
68,HIS,82.2,209,0.3933014354,0
69,LEU,4.3,201,0.02139303483,0
70,VAL,35.3,174,0.2028735632,0
71,LEU,77.8,201,0.3870646766,0
72,ARG,114.9,274,0.4193430657,1
73,LEU,114,201,0.5671641791,0
74,ARG,209.7,274,0.7653284672,1
75,GLY,73.9,104,0.7105769231,0
76,GLY,153.5,104,1.475961538,0